RK,PLAYER NAME,TEAM,POS,BEST,WORST,AVG.,STD.DEV,PROJ,POS_RK,ND,ADD
1,Josh Allen,BUF,QB1,1,2,1.2,0.4,35.63,1,33.24,Josh Allen
2,Jalen Hurts,PHI,QB2,2,6,3.2,1.5,31.25,2,29.63,Jalen Hurts
3,Puka Nacua,LAR,WR1,4,4,4,0,38.76,1,31.65,Puka Nacua
4,Jayden Daniels,WAS,QB3,2,7,4.5,1.4,28.80,3,27.68,Jayden Daniels
5,Christian McCaffrey,SF,RB1,3,11,4.8,2.7,33.72,1,29.90,Christian McCaffrey
6,Bijan Robinson,ATL,RB2,3,11,6.4,2.3,28.43,2,26.70,Bijan Robinson
7,Patrick Mahomes II,KC,QB4,5,10,7.2,1.6,26.67,4,26.25,Patrick Mahomes II
8,Drake Maye,NE,QB5,5,13,8,2.3,25.35,5,25.09,Drake Maye
9,Jonathan Taylor,IND,RB3,8,9,8.6,0.5,26.51,3,24.99,Jonathan Taylor
10,Justin Herbert,LAC,QB6,8,13,10.8,1.4,24.07,6,24.09,Justin Herbert
11,Jahmyr Gibbs,DET,RB4,6,16,11,2.5,24.67,4,23.75,Jahmyr Gibbs
12,Dak Prescott,DAL,QB7,10,17,13,2,22.93,7,23.20,Dak Prescott
13,Baker Mayfield,TB,QB8,10,18,13.4,2.1,22.07,8,22.38,Baker Mayfield
14,Caleb Williams,CHI,QB9,8,18,14.9,2.8,21.55,9,21.62,Caleb Williams
15,Jordan Love,GB,QB10,9,18,15.1,3,20.62,10,20.91,Jordan Love
16,Josh Jacobs,GB,RB5,11,19,15.1,1.8,23.51,5,22.76,Josh Jacobs
17,Matthew Stafford,LAR,QB11,14,23,18.3,2.8,19.73,11,20.22,Matthew Stafford
18,Amon-Ra St. Brown,DET,WR2,16,25,19.2,4.2,30.72,2,28.42,Amon-Ra St. Brown
19,Daniel Jones,IND,QB12,14,22,19.3,2.5,19.06,12,19.56,Daniel Jones
20,De'Von Achane,MIA,RB6,15,28,21.1,4.2,22.10,6,21.92,De'Von Achane
21,Jaxon Smith-Njigba,SEA,WR3,16,25,21.6,4.1,28.84,3,26.72,Jaxon Smith-Njigba
22,Bo Nix,DEN,QB13,18,24,21.7,1.8,18.44,13,18.91,Bo Nix
23,Justin Fields,NYJ,QB14,14,24,21.8,2.5,17.67,14,18.28,Justin Fields
24,Javonte Williams,DAL,RB7,19,28,22.1,3.7,21.20,7,21.18,Javonte Williams
25,Jared Goff,DET,QB15,23,26,24.3,1.1,16.94,15,17.65,Jared Goff
26,Sam Darnold,SEA,QB16,23,30,26.8,2,16.25,16,17.03,Sam Darnold
27,James Cook,BUF,RB8,20,33,27.2,4.6,20.04,8,20.51,James Cook
28,Kyler Murray,ARI,QB17,25,30,27.4,1.4,15.73,17,16.40,Kyler Murray
29,Bryce Young,CAR,QB18,26,30,27.9,1.5,15.22,18,15.76,Bryce Young
30,Saquon Barkley,PHI,RB9,20,39,29.8,5.2,19.51,9,19.89,Saquon Barkley
31,Jaxson Dart,NYG,QB19,27,37,31.8,2.6,14.75,19,15.12,Jaxson Dart
32,Drake London,ATL,WR4,33,35,33.3,0.6,26.68,4,25.50,Drake London
33,Michael Penix Jr.,ATL,QB20,31,42,34.8,3.1,13.93,20,14.45,Michael Penix Jr.
34,Ashton Jeanty,LV,RB10,32,41,36.2,3,18.80,10,19.32,Ashton Jeanty
35,Trevor Lawrence,JAC,QB21,30,42,36.6,4,13.27,21,13.77,Trevor Lawrence
36,Kyren Williams,LAR,RB11,31,41,36.6,4,18.15,11,18.77,Kyren Williams
37,Emeka Egbuka,TB,WR5,33,43,36.8,2.9,25.34,5,24.53,Emeka Egbuka
38,Rome Odunze,CHI,WR6,32,42,36.9,2.6,24.26,6,23.71,Rome Odunze
39,Mac Jones,SF,QB22,27,52,37.7,9.2,12.69,22,13.05,Mac Jones
40,Tua Tagovailoa,MIA,QB23,36,51,40.3,4.8,12.02,23,12.29,Tua Tagovailoa
41,Breece Hall,NYJ,RB12,38,44,40.3,2,17.65,12,18.26,Breece Hall
42,Davante Adams,LAR,WR7,40,43,42.3,1.3,23.54,7,23.00,Davante Adams
43,Ja'Marr Chase,CIN,WR8,38,61,45.2,7.5,22.16,8,22.36,Ja'Marr Chase
44,Geno Smith,LV,QB24,41,53,45.5,4.4,11.21,24,11.47,Geno Smith
45,George Pickens,DAL,WR9,38,51,46.1,3.4,21.59,9,21.77,George Pickens
46,Garrett Wilson,NYJ,WR10,40,55,46.3,4,20.98,10,21.23,Garrett Wilson
47,Quinshon Judkins,CLE,RB13,39,56,49.2,6.2,16.97,13,17.77,Quinshon Judkins
48,Rico Dowdle,CAR,RB14,44,55,49.5,4.7,16.11,14,17.29,Rico Dowdle
49,Trey McBride,ARI,TE1,46,67,50.2,7.6,25.51,1,22.92,Trey McBride
50,Deebo Samuel Sr.,WAS,WR11,47,57,50.4,2.6,20.41,11,20.72,Deebo Samuel Sr.
51,Spencer Rattler,NO,QB25,45,54,50.8,3.2,10.35,25,10.57,Spencer Rattler
52,Aaron Rodgers,PIT,QB26,46,57,52,3.9,9.35,26,9.56,Aaron Rodgers
53,Tetairoa McMillan,CAR,WR12,49,58,52.3,2.8,19.90,12,20.25,Tetairoa McMillan
54,Michael Pittman Jr.,IND,WR13,50,58,52.8,3.1,19.24,13,19.79,Michael Pittman Jr.
55,Jaylen Waddle,MIA,WR14,45,59,53.2,5.3,18.85,14,19.36,Jaylen Waddle
56,Xavier Worthy,KC,WR15,49,65,55.8,4.6,18.45,15,18.94,Xavier Worthy
57,Travis Etienne Jr.,JAC,RB15,53,64,59,4.5,15.58,15,16.83,Travis Etienne Jr.
58,Courtland Sutton,DEN,WR16,57,65,59.6,2.1,17.80,16,18.54,Courtland Sutton
59,Quentin Johnston,LAC,WR17,58,64,60.3,1.3,17.11,17,18.15,Quentin Johnston
60,Stefon Diggs,NE,WR18,53,66,60.6,3.6,16.66,18,17.77,Stefon Diggs
61,Rachaad White,TB,RB16,53,68,60.9,4.1,14.94,16,16.38,Rachaad White
62,Keenan Allen,LAC,WR19,61,65,63,1.5,16.38,19,17.40,Keenan Allen
63,Jake Ferguson,DAL,TE2,47,68,63.9,7.1,22.09,2,20.17,Jake Ferguson
64,A.J. Brown,PHI,WR20,57,70,64.1,3.8,15.71,20,17.04,A.J. Brown
65,Cam Skattebo,NYG,RB17,58,74,67.2,4.2,14.46,17,15.94,Cam Skattebo
66,Marvin Harrison Jr.,ARI,WR21,62,72,67.3,2.8,15.41,21,16.69,Marvin Harrison Jr.
67,Jacory Croskey-Merritt,WAS,RB18,64,71,67.7,2.1,13.93,18,15.50,Jacory Croskey-Merritt
68,J.K. Dobbins,DEN,RB19,63,71,67.9,2.7,13.61,19,15.07,J.K. Dobbins
69,Cam Ward,TEN,QB27,52,84,69.5,12.2,7.82,27,8.39,Cam Ward
70,DK Metcalf,PIT,WR22,62,75,71.2,4.7,15.02,22,16.34,DK Metcalf
71,Ladd McConkey,LAC,WR23,69,80,72.9,4.2,14.68,23,15.99,Ladd McConkey
72,Brian Thomas Jr.,JAC,WR24,62,78,73.8,4.2,14.35,24,15.65,Brian Thomas Jr.
73,Chris Olave,NO,WR25,71,84,73.9,3.2,13.93,25,15.31,Chris Olave
74,Jakobi Meyers,LV,WR26,73,76,74.4,1.2,13.64,26,14.97,Jakobi Meyers
75,Derrick Henry,BAL,RB20,69,83,76.2,4.4,12.91,20,14.65,Derrick Henry
76,Dillon Gabriel,CLE,QB28,55,105,78,11.4,6.72,28,6.94,Dillon Gabriel
77,D'Andre Swift,CHI,RB21,71,86,78.4,4.2,12.47,21,14.22,D'Andre Swift
78,Zay Flowers,BAL,WR27,75,86,80.7,2.7,13.26,27,14.64,Zay Flowers
79,DeVonta Smith,PHI,WR28,73,91,80.8,4.9,12.97,28,14.30,DeVonta Smith
80,Kenneth Walker III,SEA,RB22,71,86,81.2,4,12.10,22,13.80,Kenneth Walker III
81,Tyler Warren,IND,TE3,67,93,81.6,8,19.81,3,18.66,Tyler Warren
82,Tucker Kraft,GB,TE4,69,91,83.5,7.2,17.90,4,17.55,Tucker Kraft
83,Jaylen Warren,PIT,RB23,74,102,85.2,7.9,11.65,23,13.38,Jaylen Warren
84,Alvin Kamara,NO,RB24,75,101,85.3,6.8,11.23,24,12.95,Alvin Kamara
85,David Montgomery,DET,RB25,84,90,86.7,2,10.87,25,12.52,David Montgomery
86,Calvin Ridley,TEN,WR29,84,99,88.4,4.3,12.55,29,13.97,Calvin Ridley
87,DJ Moore,CHI,WR30,81,100,88.7,6.2,12.30,30,13.63,DJ Moore
88,Michael Carter,ARI,RB26,81,93,88.8,3.6,10.55,26,12.08,Michael Carter
89,Wan'Dale Robinson,NYG,WR31,83,95,91.5,3,12.08,31,13.30,Wan'Dale Robinson
90,Khalil Shakir,BUF,WR32,87,97,92.3,3.9,11.73,32,12.96,Khalil Shakir
91,Tony Pollard,TEN,RB27,89,109,94.4,5.3,10.19,27,11.64,Tony Pollard
92,Chris Godwin Jr.,TB,WR33,85,99,94.5,4.9,11.33,33,12.62,Chris Godwin Jr.
93,Hunter Henry,NE,TE5,90,114,95.5,5.8,16.45,5,16.65,Hunter Henry
94,Sam LaPorta,DET,TE6,92,103,96.3,3.5,15.50,6,15.87,Sam LaPorta
95,Jameson Williams,DET,WR34,85,107,96.5,6.9,11.02,34,12.27,Jameson Williams
96,Romeo Doubs,GB,WR35,90,104,98.5,3.4,10.73,35,11.92,Romeo Doubs
97,Tee Higgins,CIN,WR36,88,106,99.1,4.7,10.50,36,11.57,Tee Higgins
98,Cooper Rush,BAL,QB29,78,135,100.4,20.9,5.49,29,4.94,Cooper Rush
99,Chase Brown,CIN,RB28,88,113,101.3,6.5,9.67,28,11.18,Chase Brown
100,Rhamondre Stevenson,NE,RB29,91,114,102,7.2,9.49,29,10.71,Rhamondre Stevenson
101,Dalton Kincaid,BUF,TE7,94,111,102.2,3.6,14.49,7,15.16,Dalton Kincaid
102,Travis Kelce,KC,TE8,96,112,103.1,5.5,13.14,8,14.52,Travis Kelce
103,Matthew Golden,GB,WR37,103,109,105.5,1.7,10.20,37,11.21,Matthew Golden
104,TreVeyon Henderson,NE,RB30,99,115,106.6,5.2,9.11,30,10.23,TreVeyon Henderson
105,Tre Tucker,LV,WR38,104,110,106.8,2.2,9.89,38,10.84,Tre Tucker
106,Rashid Shaheed,NO,WR39,104,110,107.3,1.7,9.57,39,10.46,Rashid Shaheed
107,Keon Coleman,BUF,WR40,97,115,109.5,4.5,9.14,40,10.07,Keon Coleman
108,Jauan Jennings,SF,WR41,70,132,109.7,18.1,8.84,41,9.67,Jauan Jennings
109,Darren Waller,MIA,TE9,100,119,110,6.3,12.34,9,13.91,Darren Waller
110,Cooper Kupp,SEA,WR42,106,122,110.3,3.9,8.58,42,9.25,Cooper Kupp
111,Jerry Jeudy,CLE,WR43,107,124,111.3,4.9,8.31,43,8.82,Jerry Jeudy
112,Zach Charbonnet,SEA,RB31,104,120,113.2,4.6,8.58,31,9.72,Zach Charbonnet
113,Darnell Mooney,ATL,WR44,109,126,113.5,6.3,8.05,44,8.37,Darnell Mooney
114,Josh Downs,IND,WR45,107,126,115.5,5.5,7.83,45,7.89,Josh Downs
115,Jake Browning,CIN,QB30,52,303,97.6,70.8,4.71,30,1.10,Jake Browning
116,Kendrick Bourne,SF,WR46,111,131,116.3,5.5,7.50,46,7.39,Kendrick Bourne
117,David Njoku,CLE,TE10,116,127,118.7,2.8,11.90,10,13.33,David Njoku
118,Elic Ayomanor,TEN,WR47,111,124,118.8,4.8,7.21,47,6.85,Elic Ayomanor
119,Dallas Goedert,PHI,TE11,117,125,119.2,2.3,11.45,11,12.77,Dallas Goedert
120,Kareem Hunt,KC,RB32,116,129,120.4,3.9,7.97,32,9.19,Kareem Hunt
121,Kenneth Gainwell,PIT,RB33,116,138,120.6,6,7.57,33,8.63,Kenneth Gainwell
122,Mason Taylor,NYJ,TE12,118,128,121.4,3,10.79,12,12.23,Mason Taylor
123,Troy Franklin,DEN,WR48,110,130,123.3,5.3,6.99,48,6.27,Troy Franklin
124,Marquise Brown,KC,WR49,110,130,125.1,5.3,6.77,49,5.63,Marquise Brown
125,Kyle Pitts Sr.,ATL,TE13,119,131,125.5,4.6,10.39,13,11.69,Kyle Pitts Sr.
126,Zach Ertz,WAS,TE14,121,134,127.1,3.3,9.98,14,11.16,Zach Ertz
127,Isiah Pacheco,KC,RB34,115,139,129.3,6.9,7.35,34,8.04,Isiah Pacheco
128,Harold Fannin Jr.,CLE,TE15,121,136,129.3,5,9.59,15,10.62,Harold Fannin Jr.
129,Travis Hunter,JAC,WR50,119,140,129.3,5.4,6.50,50,4.92,Travis Hunter
130,Isaiah Bond,CLE,WR51,124,142,131.8,4.4,6.19,51,4.11,Isaiah Bond
131,Theo Johnson,NYG,TE16,125,143,134.9,5.5,9.09,16,10.07,Theo Johnson
132,Juwan Johnson,NO,TE17,130,145,135.3,4,8.59,17,9.52,Juwan Johnson
133,Evan Engram,DEN,TE18,134,148,136.6,3.6,8.30,18,8.94,Evan Engram
134,Jake Tonges,SF,TE19,121,148,137.2,7.5,7.83,19,8.34,Jake Tonges
135,RJ Harvey,DEN,RB35,137,148,139.4,3.7,7.14,35,7.40,RJ Harvey
136,Dontayvion Wicks,GB,WR52,130,155,140.4,7.3,5.91,52,3.15,Dontayvion Wicks
137,Justice Hill,BAL,RB36,123,192,141.2,20.2,6.89,36,6.69,Justice Hill
138,Kendre Miller,NO,RB37,139,150,142.5,3.6,6.53,37,5.90,Kendre Miller
139,Ricky Pearsall,SF,WR53,78,173,126.6,26.9,5.70,53,1.95,Ricky Pearsall
140,Marvin Mims Jr.,DEN,WR54,131,150,143.3,5.8,5.34,54,0.29,Marvin Mims Jr.
141,Malik Washington,MIA,WR55,132,148,143.3,5.4,5.11,55,#N/A,Malik Washington
142,Kayshon Boutte,NE,WR56,132,151,143.8,5.3,4.86,56,#N/A,Kayshon Boutte
143,Tory Horton,SEA,WR57,135,150,144.8,3.9,4.54,57,#N/A,Tory Horton
144,AJ Barner,SEA,TE20,143,160,150.5,6.1,7.52,20,7.70,AJ Barner
145,JuJu Smith-Schuster,KC,WR58,144,159,150.7,3.8,4.20,58,#N/A,JuJu Smith-Schuster
146,Tyquan Thornton,KC,WR59,142,156,151.6,4.3,3.82,59,#N/A,Tyquan Thornton
147,Terry McLaurin,WAS,WR60,87,189,151.9,33.1,3.57,60,#N/A,Terry McLaurin
148,Tyler Allgeier,ATL,RB38,141,179,152.3,10.4,6.25,38,4.99,Tyler Allgeier
149,Xavier Legette,CAR,WR61,141,163,153.6,6.4,3.37,61,#N/A,Xavier Legette
150,Demarcus Robinson,SF,WR62,149,169,154.6,5.2,3.11,62,#N/A,Demarcus Robinson
151,Jalen Tolbert,DAL,WR63,143,167,156.2,7.1,2.85,63,#N/A,Jalen Tolbert
152,Hassan Haskins,LAC,RB39,118,204,156.7,30.8,5.99,39,3.88,Hassan Haskins
153,Ryan Flournoy,DAL,WR64,150,168,157.3,6.2,2.63,64,#N/A,Ryan Flournoy
154,Mark Andrews,BAL,TE21,153,164,157.3,2.6,7.28,21,7.00,Mark Andrews
155,Kimani Vidal,LAC,RB40,128,184,157.7,20.6,5.65,40,2.44,Kimani Vidal
156,Bhayshul Tuten,JAC,RB41,140,174,157.7,11.3,5.35,41,0.22,Bhayshul Tuten
157,Blake Corum,LAR,RB42,145,166,158.6,6.8,5.07,42,#N/A,Blake Corum
158,Rashod Bateman,BAL,WR65,153,175,158.8,6.2,2.39,65,#N/A,Rashod Bateman
159,Luke McCaffrey,WAS,WR66,153,186,161.2,8.6,2.16,66,#N/A,Luke McCaffrey
160,Sterling Shepard,TB,WR67,158,167,162.3,2.4,1.96,67,#N/A,Sterling Shepard
161,Emari Demercado,ARI,RB43,159,168,164.5,2.6,4.68,43,#N/A,Emari Demercado
162,Chig Okonkwo,TEN,TE22,149,187,165.9,12.1,6.98,22,6.23,Chig Okonkwo
163,Luther Burden III,CHI,WR68,162,174,166.7,3.5,1.79,68,#N/A,Luther Burden III
164,Colston Loveland,CHI,TE23,149,216,167.3,18.2,6.57,23,5.34,Colston Loveland
165,Brashard Smith,KC,RB44,160,178,167.8,5,4.49,44,#N/A,Brashard Smith
166,Parker Washington,JAC,WR69,151,177,168.3,7.3,1.55,69,#N/A,Parker Washington
167,Dyami Brown,JAC,WR70,165,172,168.8,2.2,1.33,70,#N/A,Dyami Brown
168,Brock Purdy,SF,QB31,46,310,119.1,78.3,4.19,31,#N/A,Brock Purdy
169,Jonnu Smith,PIT,TE24,155,186,169.8,10.3,6.14,24,4.27,Jonnu Smith
170,Tyjae Spears,TEN,RB45,159,179,169.8,5.1,4.15,45,#N/A,Tyjae Spears
171,Taysom Hill,NO,TE25,140,191,170.8,17.8,5.69,25,2.83,Taysom Hill
172,Darius Slayton,NYG,WR71,131,201,158.9,23.9,1.17,71,#N/A,Darius Slayton
173,Joshua Palmer,BUF,WR72,169,182,172.5,3.4,0.99,72,#N/A,Joshua Palmer
174,Chris Rodriguez Jr.,WAS,RB46,165,184,175.4,5.8,3.92,46,#N/A,Chris Rodriguez Jr.
175,Michael Wilson,ARI,WR73,172,181,175.4,2.5,0.77,73,#N/A,Michael Wilson
176,Sean Tucker,TB,RB47,158,193,176.9,7.8,3.70,47,#N/A,Sean Tucker
177,Ollie Gordon II,MIA,RB48,173,184,178.1,3.5,3.46,48,#N/A,Ollie Gordon II
178,Cole Kmet,CHI,TE26,150,190,179.5,11.1,5.28,26,0.35,Cole Kmet
179,Tommy Tremble,CAR,TE27,156,191,180.2,10.3,5.01,27,#N/A,Tommy Tremble
180,Jaylin Lane,WAS,WR74,172,195,181.8,6.8,0.62,74,#N/A,Jaylin Lane
181,Isaiah Davis,NYJ,RB49,170,194,183.8,6.5,3.19,49,#N/A,Isaiah Davis
182,Cade Otton,TB,TE28,170,192,184.3,6,4.70,28,#N/A,Cade Otton
183,Isaac TeSlaa,DET,WR75,172,198,185.3,6.2,0.58,75,#N/A,Isaac TeSlaa
184,Calvin Austin III,PIT,WR76,152,203,185.6,12.7,0.45,76,#N/A,Calvin Austin III
185,Brandin Cooks,NO,WR77,175,201,186.4,9.4,0.04,77,#N/A,Brandin Cooks
186,Brian Robinson Jr.,SF,RB50,173,202,186.6,7.7,3.05,50,#N/A,Brian Robinson Jr.
187,Olamide Zaccheaus,CHI,WR78,171,212,189.8,12.3,0.04,78,#N/A,Olamide Zaccheaus
188,DeAndre Hopkins,BAL,WR79,180,196,189.9,5.7,#N/A,79,#N/A,DeAndre Hopkins
189,Jerome Ford,CLE,RB51,185,209,191.3,6,2.79,51,#N/A,Jerome Ford
190,Pat Freiermuth,PIT,TE29,181,201,191.9,5.4,4.49,29,#N/A,Pat Freiermuth
191,Oronde Gadsden II,LAC,TE30,188,200,192.8,3.9,4.35,30,#N/A,Oronde Gadsden II
192,Jeremy McNichols,WAS,RB52,184,210,192.8,6.4,2.60,52,#N/A,Jeremy McNichols
193,Tutu Atwell,LAR,WR80,175,213,195.1,11.8,#N/A,80,#N/A,Tutu Atwell
194,Hunter Renfrow,CAR,WR81,182,226,196.3,13.4,#N/A,81,#N/A,Hunter Renfrow
195,Isaiah Likely,BAL,TE31,193,222,199.1,7.3,4.09,31,#N/A,Isaiah Likely
196,Dont'e Thornton Jr.,LV,WR82,176,209,199.3,7.9,#N/A,82,#N/A,Dont'e Thornton Jr.
197,Kyle Monangai,CHI,RB53,193,208,199.4,5,2.44,53,#N/A,Kyle Monangai
198,Trevor Etienne,CAR,RB54,190,209,199.5,5.6,2.17,54,#N/A,Trevor Etienne
199,Jordan Whittington,LAR,WR83,175,209,202,10.1,#N/A,83,#N/A,Jordan Whittington
200,Elijah Arroyo,SEA,TE32,189,219,203.2,7.9,3.92,32,#N/A,Elijah Arroyo
201,Mike Gesicki,CIN,TE33,199,225,207.8,8.3,3.66,33,#N/A,Mike Gesicki
202,Ty Johnson,BUF,RB55,197,223,208.8,7.4,1.97,55,#N/A,Ty Johnson
203,Nick Westbrook-Ikhine,MIA,WR84,200,245,210.1,11.9,#N/A,84,#N/A,Nick Westbrook-Ikhine
204,Mack Hollins,NE,WR85,204,220,211,4.7,#N/A,85,#N/A,Mack Hollins
205,Joe Flacco,CIN,QB32,81,142,102.7,25.8,3.13,32,#N/A,Joe Flacco
206,Jaydon Blue,DAL,RB56,202,221,213.3,5.5,1.83,56,#N/A,Jaydon Blue
207,Ray Davis,BUF,RB57,200,230,213.8,9.6,1.61,57,#N/A,Ray Davis
208,Brock Bowers,LV,TE34,101,228,179.2,39.1,3.45,34,#N/A,Brock Bowers
209,Raheem Mostert,LV,RB58,194,226,214.8,9.6,1.51,58,#N/A,Raheem Mostert
210,Tyler Lockett,TEN,WR86,190,211,205.4,5.4,#N/A,86,#N/A,Tyler Lockett
211,Andrei Iosivas,CIN,WR87,208,229,215.3,7,#N/A,87,#N/A,Andrei Iosivas
212,Devin Singletary,NYG,RB59,206,233,216.2,7.7,1.43,59,#N/A,Devin Singletary
213,DeMario Douglas,NE,WR88,203,221,212.6,5.2,#N/A,88,#N/A,DeMario Douglas
214,Samaje Perine,CIN,RB60,215,243,224.2,8.6,1.27,60,#N/A,Samaje Perine
215,Dylan Sampson,CLE,RB61,213,237,226.1,7.9,1.02,61,#N/A,Dylan Sampson
216,Zonovan Knight,ARI,RB62,206,243,226.7,11.6,0.92,62,#N/A,Zonovan Knight
217,Emanuel Wilson,GB,RB63,202,247,226.9,15.6,0.81,63,#N/A,Emanuel Wilson
218,Will Shipley,PHI,RB64,208,249,230,10.6,0.73,64,#N/A,Will Shipley
219,Hunter Long,JAC,TE35,154,214,186.8,19.7,3.18,35,#N/A,Hunter Long
220,Keaton Mitchell,BAL,RB65,217,259,235,10,0.58,65,#N/A,Keaton Mitchell
221,Adonai Mitchell,IND,WR89,176,237,218.5,15.2,#N/A,89,#N/A,Adonai Mitchell
222,Josh Reynolds,NYJ,WR90,203,216,210.1,4.5,#N/A,90,#N/A,Josh Reynolds
223,DJ Giddens,IND,RB66,212,253,239.3,12.9,0.38,66,#N/A,DJ Giddens
224,Tez Johnson,TB,WR91,211,251,228.1,13.2,#N/A,91,#N/A,Tez Johnson
225,LeQuint Allen Jr.,JAC,RB67,225,268,244.3,11.8,0.23,67,#N/A,LeQuint Allen Jr.
226,Alec Pierce,IND,WR92,153,229,206.1,24.9,#N/A,92,#N/A,Alec Pierce
227,Tyler Badie,DEN,RB68,224,266,244.5,13.3,0.16,68,#N/A,Tyler Badie
228,Chimere Dike,TEN,WR93,208,226,219.6,5.3,#N/A,93,#N/A,Chimere Dike
229,Brycen Tremayne,CAR,WR94,211,261,224.7,14.5,#N/A,94,#N/A,Brycen Tremayne
230,Kaleb Johnson,PIT,RB69,208,289,249.3,21.1,0.10,69,#N/A,Kaleb Johnson
231,A.J. Dillon,PHI,RB70,229,291,251.3,16.8,0.02,70,#N/A,A.J. Dillon
232,Greg Dortch,ARI,WR95,218,261,228.7,12.2,#N/A,95,#N/A,Greg Dortch
233,Jalin Hyatt,NYG,WR96,216,242,228.8,8.3,#N/A,96,#N/A,Jalin Hyatt
234,Pat Bryant,DEN,WR97,208,226,217.6,4.7,#N/A,97,#N/A,Pat Bryant
235,Jalen Milroe,SEA,QB33,160,238,186.2,29.6,2.44,33,#N/A,Jalen Milroe
236,Kyle Juszczyk,SF,RB71,223,257,241.2,10.5,#N/A,71,#N/A,Kyle Juszczyk
237,Ashton Dulin,IND,WR98,214,234,222.8,5.8,#N/A,98,#N/A,Ashton Dulin
238,Elijah Moore,BUF,WR99,213,241,227.4,8.2,#N/A,99,#N/A,Elijah Moore
239,Jahan Dotson,PHI,WR100,211,240,229.6,7.9,#N/A,100,#N/A,Jahan Dotson
240,Marcus Mariota,WAS,QB34,143,270,201.2,43.8,1.29,34,#N/A,Marcus Mariota
241,Tyler Huntley,BAL,QB35,153,211,177.6,26.9,1.08,35,#N/A,Tyler Huntley
242,Chuba Hubbard,CAR,RB72,227,310,250.4,22.6,#N/A,72,#N/A,Chuba Hubbard
243,Julius Chestnut,TEN,RB73,231,296,258.1,19.2,#N/A,73,#N/A,Julius Chestnut
244,Chris Brooks,GB,RB74,235,287,260.6,12.9,#N/A,74,#N/A,Chris Brooks
245,Michael Mayer,LV,TE36,152,229,189.4,24.6,2.97,36,#N/A,Michael Mayer
246,Jalen Coker,CAR,WR101,165,256,216.2,33.6,#N/A,101,#N/A,Jalen Coker
247,Gunnar Helm,TEN,TE37,185,235,218.2,16.3,2.70,37,#N/A,Gunnar Helm
248,Tre Harris,LAC,WR102,227,241,234.7,4.1,#N/A,102,#N/A,Tre Harris
249,Daniel Bellinger,NYG,TE38,205,231,220.7,8.7,2.53,38,#N/A,Daniel Bellinger
250,Roschon Johnson,CHI,RB75,233,272,254.4,11,#N/A,75,#N/A,Roschon Johnson
251,Zamir White,LV,RB76,232,321,262.1,23.7,#N/A,76,#N/A,Zamir White
252,Curtis Samuel,BUF,WR103,179,250,223.7,24.2,#N/A,103,#N/A,Curtis Samuel
253,Chris Moore,WAS,WR104,227,269,237.7,13,#N/A,104,#N/A,Chris Moore
254,Isaac Guerendo,SF,RB77,234,312,264.1,21.6,#N/A,77,#N/A,Isaac Guerendo
255,Tahj Brooks,CIN,RB78,233,316,265.6,21.6,#N/A,78,#N/A,Tahj Brooks
256,George Holani,SEA,RB79,238,320,266.2,23.3,#N/A,79,#N/A,George Holani
257,Austin Hooper,NE,TE39,202,227,220.2,9.3,2.31,39,#N/A,Austin Hooper
258,Devaughn Vele,NO,WR105,233,244,239,3.7,#N/A,105,#N/A,Devaughn Vele
259,Alec Ingold,MIA,RB80,239,300,260.5,16.5,#N/A,80,#N/A,Alec Ingold
260,Noah Fant,CIN,TE40,203,245,224.6,13.4,2.13,40,#N/A,Noah Fant
261,Marquez Valdes-Scantling,SF,WR106,236,247,242.2,4.5,#N/A,106,#N/A,Marquez Valdes-Scantling
262,Zay Jones,ARI,WR107,240,253,243.7,4.5,#N/A,107,#N/A,Zay Jones
263,Miles Sanders,DAL,RB81,228,328,270.3,26.3,#N/A,81,#N/A,Miles Sanders
264,Tyrone Tracy Jr.,NYG,RB82,185,324,266.1,37.3,#N/A,82,#N/A,Tyrone Tracy Jr.
265,Dylan Laube,LV,RB83,249,322,272.2,20.9,#N/A,83,#N/A,Dylan Laube
266,Ray-Ray McCloud III,ATL,WR108,215,248,235.4,11.8,#N/A,108,#N/A,Ray-Ray McCloud III
267,Albert Okwuegbunam Jr.,LV,TE41,197,271,236.8,23.7,2.01,41,#N/A,Albert Okwuegbunam Jr.
268,Noah Gray,KC,TE42,228,259,241.8,11.6,1.84,42,#N/A,Noah Gray
269,Tyler Conklin,LAC,TE43,227,255,243.4,9.7,1.77,43,#N/A,Tyler Conklin
270,Hunter Luepke,DAL,RB84,253,307,265.9,17.3,#N/A,84,#N/A,Hunter Luepke
271,Jamari Thrash,CLE,WR109,240,250,244.2,3.6,#N/A,109,#N/A,Jamari Thrash
272,Davis Allen,LAR,TE44,230,262,245.4,11.6,1.59,44,#N/A,Davis Allen
273,Skyy Moore,SF,WR110,231,280,245.6,17.8,#N/A,110,#N/A,Skyy Moore
274,Jack Bech,LV,WR111,205,252,228.8,17.1,#N/A,111,#N/A,Jack Bech
275,Tank Bigsby,PHI,RB85,263,325,275.8,19.5,#N/A,85,#N/A,Tank Bigsby
276,Dawson Knox,BUF,TE45,241,261,251.8,8.5,1.52,45,#N/A,Dawson Knox
277,DeeJay Dallas,CAR,RB86,244,323,272,22.5,#N/A,86,#N/A,DeeJay Dallas
278,Jarquez Hunter,LAR,RB87,263,291,271.8,9.8,#N/A,87,#N/A,Jarquez Hunter
279,Kyle Williams,NE,WR112,227,277,249,18.1,#N/A,112,#N/A,Kyle Williams
280,Kalif Raymond,DET,WR113,225,267,252.5,16.6,#N/A,113,#N/A,Kalif Raymond
281,Devontez Walker,BAL,WR114,244,263,252.5,7,#N/A,114,#N/A,Devontez Walker
282,Anthony Richardson Sr.,IND,QB36,161,210,185.5,24.5,0.40,36,#N/A,Anthony Richardson Sr.
283,Colby Parkinson,LAR,TE46,229,283,254.5,21.9,1.28,46,#N/A,Colby Parkinson
284,Luke Schoonmaker,DAL,TE47,228,281,255.3,18.8,1.24,47,#N/A,Luke Schoonmaker
285,Tyler Higbee,LAR,TE48,214,258,239.3,18.6,1.18,48,#N/A,Tyler Higbee
286,Allen Lazard,NYJ,WR115,203,274,239.7,29,#N/A,115,#N/A,Allen Lazard
287,Elijah Higgins,ARI,TE49,247,269,260.8,8.3,1.09,49,#N/A,Elijah Higgins
288,Bucky Irving,TB,RB88,269,330,282.7,21.7,#N/A,88,#N/A,Bucky Irving
289,Luke Farrell,SF,TE50,250,279,264,10.8,0.84,50,#N/A,Luke Farrell
290,Craig Reynolds,DET,RB89,262,315,276.2,19.9,#N/A,89,#N/A,Craig Reynolds
291,Brock Wright,DET,TE51,251,286,265.8,13.6,0.70,51,#N/A,Brock Wright
292,Julian Hill,MIA,TE52,255,286,266.8,11.6,0.64,52,#N/A,Julian Hill
293,Khalil Herbert,NYJ,RB90,272,332,286.8,20.5,#N/A,90,#N/A,Khalil Herbert
294,Jeremy Ruckert,NYJ,TE53,253,275,267.3,8.8,0.50,53,#N/A,Jeremy Ruckert
295,Jimmy Horn Jr.,CAR,WR116,174,257,215.5,41.5,#N/A,116,#N/A,Jimmy Horn Jr.
296,Donovan Edwards,WAS,RB91,272,338,289.2,22.7,#N/A,91,#N/A,Donovan Edwards
297,Tanner Conner,MIA,TE54,248,299,269.5,18.5,0.33,54,#N/A,Tanner Conner
298,Van Jefferson,TEN,WR117,235,282,256,19.5,#N/A,117,#N/A,Van Jefferson
299,CeeDee Lamb,DAL,WR118,239,288,256.3,22.4,#N/A,118,#N/A,CeeDee Lamb
300,Ian Thomas,LV,TE55,220,229,224.5,4.5,0.17,55,#N/A,Ian Thomas
301,Arian Smith,NYJ,WR119,233,273,257,17.3,#N/A,119,#N/A,Arian Smith
302,Rasheen Ali,BAL,RB92,267,335,285.4,25.6,#N/A,92,#N/A,Rasheen Ali
303,Zach Wilson,MIA,QB37,153,298,225.5,72.5,0.24,37,#N/A,Zach Wilson
304,Lamar Jackson,BAL,QB38,141,329,260.3,84.7,0.10,38,#N/A,Lamar Jackson
305,Collin Hill,FA,QB39,133,133,133,0,#N/A,39,#N/A,Collin Hill
306,Foster Moreau,NO,TE56,255,297,274,15.1,0.17,56,#N/A,Foster Moreau
307,Tyler Shough,NO,QB40,239,331,286,30.9,#N/A,40,#N/A,Tyler Shough
308,Josh Williams,TB,RB93,271,334,287.2,23.6,#N/A,93,#N/A,Josh Williams
309,Adam Prentice,DEN,RB94,273,327,286.2,20.6,#N/A,94,#N/A,Adam Prentice
310,Andy Dalton,CAR,QB41,142,142,142,0,#N/A,41,#N/A,Andy Dalton
311,Adam Trautman,DEN,TE57,240,298,261.7,25.9,0.17,57,#N/A,Adam Trautman
312,Tyrod Taylor,NYJ,QB42,240,333,288.2,31.9,#N/A,42,#N/A,Tyrod Taylor
313,Jaylen Wright,MIA,RB95,274,336,291,23.2,#N/A,95,#N/A,Jaylen Wright
314,Dante Miller,NYG,RB96,272,342,293,25.2,#N/A,96,#N/A,Dante Miller
315,Elijah Mitchell,KC,RB97,278,339,294,22.7,#N/A,97,#N/A,Elijah Mitchell
316,Jackson Hawes,BUF,TE58,246,306,270.7,25.6,0.09,58,#N/A,Jackson Hawes
317,Beaux Collins,NYG,WR120,234,260,247,13,#N/A,120,#N/A,Beaux Collins
318,Audric Estime,PHI,RB98,280,337,294.8,21.4,#N/A,98,#N/A,Audric Estime
319,Sincere McCormick,SF,RB99,276,340,295.4,23.1,#N/A,99,#N/A,Sincere McCormick
320,Reggie Gilliam,BUF,RB100,268,326,287,22.9,#N/A,100,#N/A,Reggie Gilliam
321,Mitchell Evans,CAR,TE59,261,284,276,10.6,0.08,59,#N/A,Mitchell Evans
322,Savion Williams,GB,WR121,248,264,256,8,#N/A,121,#N/A,Savion Williams
323,Darnell Washington,PIT,TE60,252,265,258.5,6.5,#N/A,60,#N/A,Darnell Washington
324,Ben Sinnott,WAS,TE61,252,314,279.3,25.8,#N/A,61,#N/A,Ben Sinnott
325,Roman Wilson,PIT,WR122,247,271,259,12,#N/A,122,#N/A,Roman Wilson
326,Kylen Granson,PHI,TE62,256,311,281,22.7,#N/A,62,#N/A,Kylen Granson
327,Charlie Kolar,BAL,TE63,260,309,283.7,20,#N/A,63,#N/A,Charlie Kolar
328,KeAndre Lambert-Smith,LAC,WR123,223,308,265.5,42.5,#N/A,123,#N/A,KeAndre Lambert-Smith
329,Tyler Johnson,NYJ,WR124,256,276,266,10,#N/A,124,#N/A,Tyler Johnson
330,Luke Musgrave,GB,TE64,266,270,268,2,#N/A,64,#N/A,Luke Musgrave
331,Tim Patrick,JAC,WR125,238,302,270,32,#N/A,125,#N/A,Tim Patrick
332,Terrance Ferguson,LAR,TE65,263,313,287,20.5,#N/A,65,#N/A,Terrance Ferguson
333,Russell Gage Jr.,SF,WR126,221,221,221,0,#N/A,126,#N/A,Russell Gage Jr.
334,John Metchie III,PHI,WR127,250,294,272,22,#N/A,127,#N/A,John Metchie III
335,Grant Calcaterra,PHI,TE66,265,287,276,11,#N/A,66,#N/A,Grant Calcaterra
336,Tylan Wallace,BAL,WR128,258,295,276.5,18.5,#N/A,128,#N/A,Tylan Wallace
337,MarShawn Lloyd,GB,RB101,277,279,278,1,#N/A,101,#N/A,MarShawn Lloyd
338,Javon Baker,PHI,WR129,241,241,241,0,#N/A,129,#N/A,Javon Baker
339,Jordan James,SF,RB102,279,284,281.5,2.5,#N/A,102,#N/A,Jordan James
340,Christian Watson,GB,WR130,246,246,246,0,#N/A,130,#N/A,Christian Watson
341,Xavier Restrepo,TEN,WR131,248,248,248,0,#N/A,131,#N/A,Xavier Restrepo
342,Joe Milton III,DAL,QB43,278,299,288.5,10.5,#N/A,43,#N/A,Joe Milton III
343,Jimmy Garoppolo,LAR,QB44,286,297,291.5,5.5,#N/A,44,#N/A,Jimmy Garoppolo
344,Russell Wilson,NYG,QB45,294,295,294.5,0.5,#N/A,45,#N/A,Russell Wilson
345,Malik Willis,GB,QB46,273,273,273,0,#N/A,46,#N/A,Malik Willis
346,Mitchell Trubisky,BUF,QB47,274,274,274,0,#N/A,47,#N/A,Mitchell Trubisky
347,Johnny Mundt,JAC,TE67,278,278,278,0,#N/A,67,#N/A,Johnny Mundt
348,Tyrell Shavers,BUF,WR132,281,281,281,0,#N/A,132,#N/A,Tyrell Shavers
349,Tyson Bagent,CHI,QB48,282,282,282,0,#N/A,48,#N/A,Tyson Bagent
350,Ben Skowronek,PIT,WR133,285,285,285,0,#N/A,133,#N/A,Ben Skowronek
351,D'Ernest Johnson,ARI,RB103,285,341,313,28,#N/A,103,#N/A,D'Ernest Johnson
352,Aidan O'Connell,LV,QB49,287,287,287,0,#N/A,49,#N/A,Aidan O'Connell
353,Kyle Trask,FA,QB50,288,288,288,0,#N/A,50,#N/A,Kyle Trask
354,Jarrett Stidham,DEN,QB51,289,289,289,0,#N/A,51,#N/A,Jarrett Stidham
355,Blaine Gabbert,FA,QB52,290,290,290,0,#N/A,52,#N/A,Blaine Gabbert
356,Malik Heath,GB,WR134,290,290,290,0,#N/A,134,#N/A,Malik Heath
357,Joshua Dobbs,NE,QB53,291,291,291,0,#N/A,53,#N/A,Joshua Dobbs
358,Scotty Miller,PIT,WR135,292,292,292,0,#N/A,135,#N/A,Scotty Miller
359,Hendon Hooker,CAR,QB54,292,292,292,0,#N/A,54,#N/A,Hendon Hooker
360,Tanner McKee,PHI,QB55,293,293,293,0,#N/A,55,#N/A,Tanner McKee
361,Casey Washington,ATL,WR136,293,293,293,0,#N/A,136,#N/A,Casey Washington
362,Taylor Heinicke,FA,QB56,295,295,295,0,#N/A,56,#N/A,Taylor Heinicke
363,Nick Mullens,JAC,QB57,297,297,297,0,#N/A,57,#N/A,Nick Mullens
364,Brandon Allen,TEN,QB58,298,298,298,0,#N/A,58,#N/A,Brandon Allen
365,Mason Rudolph,PIT,QB59,299,299,299,0,#N/A,59,#N/A,Mason Rudolph
366,Desmond Ridder,FA,QB60,300,300,300,0,#N/A,60,#N/A,Desmond Ridder
367,Drew Sample,CIN,TE68,301,301,301,0,#N/A,68,#N/A,Drew Sample
368,Kirk Cousins,ATL,QB61,302,302,302,0,#N/A,61,#N/A,Kirk Cousins
369,John Bates,WAS,TE69,303,303,303,0,#N/A,69,#N/A,John Bates
370,Bo Melton,GB,WR137,304,304,304,0,#N/A,137,#N/A,Bo Melton
371,Shedeur Sanders,CLE,QB62,304,304,304,0,#N/A,62,#N/A,Shedeur Sanders
372,Trey Lance,LAC,QB63,305,305,305,0,#N/A,63,#N/A,Trey Lance
373,Jalen Royals,KC,WR138,305,305,305,0,#N/A,138,#N/A,Jalen Royals
374,C.J. Stroud,HOU,QB64,306,306,306,0,#N/A,64,#N/A,C.J. Stroud
375,Carson Wentz,MIN,QB65,307,307,307,0,#N/A,65,#N/A,Carson Wentz
376,Davis Mills,HOU,QB66,308,308,308,0,#N/A,66,#N/A,Davis Mills
377,Brett Rypien,FA,QB67,309,309,309,0,#N/A,67,#N/A,Brett Rypien
378,Kurtis Rourke,SF,QB68,312,312,312,0,#N/A,68,#N/A,Kurtis Rourke
379,J.J. McCarthy,MIN,QB69,314,314,314,0,#N/A,69,#N/A,J.J. McCarthy
380,Quinn Ewers,MIA,QB70,315,315,315,0,#N/A,70,#N/A,Quinn Ewers
381,Devin Leary,FA,QB71,316,316,316,0,#N/A,71,#N/A,Devin Leary
382,Nate Adkins,DEN,TE70,317,317,317,0,#N/A,70,#N/A,Nate Adkins
383,Will Howard,PIT,QB72,317,317,317,0,#N/A,72,#N/A,Will Howard
384,Charlie Woerner,ATL,TE71,318,318,318,0,#N/A,71,#N/A,Charlie Woerner
385,Max Brosmer,MIN,QB73,318,318,318,0,#N/A,73,#N/A,Max Brosmer
386,Mo Alie-Cox,IND,TE72,319,319,319,0,#N/A,72,#N/A,Mo Alie-Cox
387,Michael Pratt,FA,QB74,319,319,319,0,#N/A,74,#N/A,Michael Pratt
388,Seth Henigan,FA,QB75,320,320,320,0,#N/A,75,#N/A,Seth Henigan